,Name,Average Price At Listing,COUNT of items,SELL THRU % items sold in 7 listing days,SELL THRU % items sold in 14 listing days,SELL THRU % items sold in 30 listing Days,SELL THRU % items sold in 3 listing months,SELL THRU % items sold in 6 listing months,SELL THRU % items sold in 9 listing months,SELL THRU % items sold in 12 listing months
1,Burberry,$216.68,"6,602",28.5%,40.8%,56.3%,80.6%,86.4%,86.6%,86.6%
2,Gucci,$293.29,"5,786",24.0%,34.9%,49.8%,79.3%,86.5%,86.6%,86.6%
3,Prada,$251.40,"4,185",19.4%,30.3%,45.6%,77.0%,84.9%,85.0%,85.0%
4,Louis Vuitton,$450.08,"3,374",18.8%,27.9%,42.0%,79.8%,87.3%,87.3%,87.3%
5,Chloé,$236.42,"2,281",14.2%,24.1%,37.9%,71.0%,82.5%,82.8%,82.9%
6,Chanel,$547.99,"1,854",22.3%,30.7%,44.5%,79.4%,85.8%,85.9%,85.9%
7,Zimmermann,$287.57,"1,802",22.0%,32.1%,46.2%,76.7%,86.5%,86.5%,86.5%
8,Dolce & Gabbana,$254.64,"1,796",16.5%,26.7%,40.8%,72.4%,82.6%,83.1%,83.1%
9,Fendi,$297.62,"1,485",15.4%,24.8%,38.2%,72.9%,83.0%,83.4%,83.4%
10,Christian Dior,$278.66,"1,466",19.2%,28.7%,42.0%,73.4%,82.1%,82.5%,82.5%
11,Céline,$287.43,"1,283",13.4%,22.0%,33.7%,68.1%,82.9%,82.9%,83.1%
12,Jimmy Choo,$184.38,"1,249",12.5%,23.5%,42.4%,80.6%,94.6%,95.4%,95.4%
13,Christian Louboutin,$295.34,"1,248",28.3%,43.1%,59.0%,82.8%,88.1%,88.1%,88.1%
14,Self-Portrait,$198.49,"1,214",13.7%,24.4%,38.7%,71.6%,81.8%,82.3%,82.3%
15,Acne Studios,$134.00,"1,065",19.7%,28.8%,43.8%,66.2%,75.9%,77.0%,77.3%
16,Miu Miu,$237.17,"1,025",14.0%,23.9%,37.8%,71.6%,83.4%,83.6%,83.6%
17,Stella McCartney,$149.70,"1,000",13.8%,23.9%,43.1%,73.9%,93.3%,94.7%,95.1%
18,Saint Laurent,$329.08,999,17.5%,27.1%,40.7%,74.0%,84.2%,84.4%,84.4%
19,Air Jordan,$88.17,961,33.5%,51.8%,73.3%,83.6%,86.0%,86.0%,86.0%
20,Bottega Veneta,$364.40,927,9.0%,15.3%,26.2%,65.8%,78.5%,78.6%,78.6%
21,Balenciaga,$283.21,911,13.3%,20.5%,32.8%,68.1%,79.5%,80.4%,80.4%
22,Golden Goose,$238.57,904,29.6%,44.8%,59.1%,84.5%,88.7%,88.9%,88.9%
23,Versace,$264.94,858,20.2%,30.7%,42.3%,72.1%,83.4%,84.0%,84.0%
24,Valentino Garavani,$294.35,843,12.7%,21.9%,34.8%,70.8%,82.6%,82.8%,82.8%
25,Hermès,$404.41,801,24.8%,34.3%,46.6%,80.4%,86.1%,86.3%,86.3%
26,Yves Saint Laurent,$246.76,725,17.4%,26.5%,40.6%,72.1%,84.1%,84.1%,84.1%
27,Givenchy,$265.15,720,11.1%,18.3%,29.7%,66.3%,77.8%,78.5%,78.6%
28,Valentino,$299.61,692,13.9%,21.7%,36.4%,67.2%,79.0%,79.6%,79.8%
29,Herve Leger,$237.65,654,14.8%,25.4%,37.6%,71.7%,83.2%,83.3%,83.3%
30,MCM,$261.88,550,16.7%,27.8%,40.9%,77.5%,85.3%,85.6%,85.6%
31,Moncler,$323.23,497,25.8%,35.2%,46.3%,77.9%,84.5%,85.5%,85.5%
32,The Row,$361.67,488,12.7%,19.3%,31.1%,66.6%,80.9%,81.8%,81.8%
33,Moschino,$149.60,432,14.1%,21.1%,32.4%,62.3%,75.2%,76.4%,76.4%
34,Yves Saint Laurent Rive Gauche,$219.77,423,18.7%,27.0%,36.6%,69.3%,83.0%,84.2%,84.2%
35,Manolo Blahnik,$177.28,418,18.2%,31.8%,51.0%,83.5%,95.2%,95.9%,95.9%
36,Loewe,$352.08,380,18.2%,28.4%,40.5%,73.7%,81.8%,81.8%,81.8%
37,Telfar,$144.77,353,33.7%,48.4%,60.9%,77.3%,89.8%,90.1%,90.1%
38,Play Comme Des Garçons,$76.89,353,28.6%,53.5%,74.8%,87.3%,90.9%,90.9%,90.9%
39,ESSENTIALS Fear of God ,$61.39,309,51.1%,62.8%,74.1%,84.8%,88.3%,88.3%,88.3%
40,Canada Goose,$345.95,277,63.2%,71.5%,81.2%,91.7%,93.9%,93.9%,93.9%
41,VALENTINO By Mario Valentino,$120.25,252,38.5%,55.2%,71.8%,85.3%,88.9%,88.9%,88.9%
42,Totême,$241.38,251,26.3%,31.9%,45.0%,66.5%,76.9%,76.9%,76.9%
43,OFF-WHITE,$224.75,242,10.7%,16.9%,30.2%,55.0%,69.0%,69.8%,69.8%
44,Jacquemus,$231.06,228,21.9%,31.6%,44.3%,67.5%,78.1%,79.4%,79.4%
45,Balmain,$351.09,225,23.1%,32.4%,44.9%,72.4%,78.7%,79.6%,79.6%
46,Adidas x Yeezy,$128.42,223,14.3%,23.8%,36.8%,63.7%,75.3%,77.6%,77.6%
47,Gianni Versace,$239.67,222,8.6%,14.9%,27.0%,65.8%,77.5%,78.4%,78.4%
48,Burberry Blue Label,$169.53,216,38.0%,50.0%,69.0%,87.5%,90.7%,90.7%,90.7%
49,Supreme,$84.25,211,53.6%,69.2%,82.9%,92.4%,94.3%,94.3%,94.3%
50,Dior,$239.61,207,24.2%,31.9%,45.4%,67.6%,76.3%,78.3%,78.3%
51,Acne,$109.89,197,11.7%,19.8%,35.5%,64.0%,74.1%,76.6%,76.6%
52,Assorted Brands,$20.44,192,30.7%,41.1%,58.9%,69.8%,76.6%,78.1%,78.1%
53,Mulberry,$306.81,160,27.5%,36.3%,48.1%,78.1%,86.3%,86.3%,86.3%
54,Gucci Outlet,$372.45,160,9.4%,17.5%,36.9%,74.4%,80.0%,80.0%,80.0%
55,Comme des Garçons play x Converse,$71.84,154,46.8%,63.0%,79.9%,92.2%,92.9%,93.5%,93.5%
56,Cat & Jack,$7.80,143,25.9%,41.3%,61.5%,81.1%,86.0%,86.0%,86.0%
57,Loro Piana,$356.08,116,21.6%,31.0%,39.7%,50.9%,50.9%,50.9%,50.9%
58,Boutique Moschino,$153.55,109,7.3%,11.9%,22.9%,47.7%,63.3%,67.0%,67.0%
59,Stussy,$62.89,108,38.0%,49.1%,72.2%,88.9%,91.7%,91.7%,91.7%
60,Vivienne Westwood,$188.63,107,56.1%,67.3%,75.7%,87.9%,89.7%,89.7%,89.7%
61,Chanel Boutique,$607.06,103,15.5%,22.3%,29.1%,72.8%,81.6%,81.6%,81.6%
62,Dsquared2,$198.66,98,7.1%,16.3%,34.7%,60.2%,79.6%,79.6%,79.6%
63,Unbranded,$15.90,98,35.7%,51.0%,58.2%,69.4%,74.5%,76.5%,76.5%
64,Anti Social Social Club,$63.48,86,36.0%,52.3%,69.8%,87.2%,89.5%,89.5%,89.5%
65,Burberry Prorsum,$277.83,84,22.6%,29.8%,45.2%,75.0%,85.7%,85.7%,86.9%
66,Moschino Couture ,$220.32,79,13.9%,16.5%,27.8%,48.1%,53.2%,54.4%,54.4%
67,Comme des Garçons ,$142.82,76,30.3%,44.7%,61.8%,81.6%,85.5%,86.8%,86.8%
68,Rick Owens,$293.95,65,13.8%,24.6%,35.4%,67.7%,73.8%,73.8%,73.8%
69,Palm Angels,$182.69,61,8.2%,8.2%,19.7%,54.1%,70.5%,73.8%,73.8%
70,HERVE by Herve Leger,$77.26,59,5.1%,11.9%,22.0%,40.7%,59.3%,59.3%,59.3%
71,Christian Dior Boutique,$334.11,55,18.2%,27.3%,45.5%,80.0%,85.5%,85.5%,85.5%
72,GOLF,$55.45,53,9.4%,24.5%,47.2%,75.5%,86.8%,86.8%,88.7%
73,Vivienne Westwood Anglomania,$196.69,53,39.6%,47.2%,66.0%,88.7%,88.7%,88.7%,88.7%
74,Blå Konst Acne Studios,$85.80,52,11.5%,15.4%,32.7%,40.4%,44.2%,44.2%,44.2%
75,Valentino Miss V,$142.57,47,4.3%,17.0%,23.4%,53.2%,55.3%,57.4%,57.4%
76,A Bathing Ape,$143.06,45,22.2%,28.9%,40.0%,75.6%,82.2%,88.9%,88.9%
77,Christian Dior Separates,$145.74,44,11.4%,20.5%,43.2%,65.9%,77.3%,77.3%,77.3%
78,Fendi Selleria,$389.62,39,2.6%,10.3%,17.9%,64.1%,74.4%,74.4%,74.4%
79,Polène ,$343.00,38,81.6%,89.5%,89.5%,92.1%,92.1%,92.1%,92.1%
80,Songmont,$271.54,35,54.3%,62.9%,77.1%,82.9%,82.9%,82.9%,82.9%
81,Thom Browne,$372.88,35,31.4%,34.3%,45.7%,74.3%,80.0%,80.0%,80.0%
82,Burberry Golf,$73.80,34,35.3%,44.1%,64.7%,70.6%,70.6%,70.6%,70.6%
83,Lemaire,$214.99,33,33.3%,48.5%,69.7%,81.8%,84.8%,84.8%,84.8%
84,Bao Bao Issey Miyake,$326.52,31,38.7%,48.4%,64.5%,83.9%,83.9%,83.9%,83.9%
85,Dolce Vita,$42.87,31,9.7%,22.6%,48.4%,80.6%,83.9%,83.9%,83.9%
86,Mario Valentino,$83.22,29,44.8%,58.6%,69.0%,79.3%,89.7%,89.7%,89.7%
87,Lululemon Athletica,$56.95,28,42.9%,60.7%,64.3%,75.0%,78.6%,78.6%,78.6%
88,Yeezy,$167.07,27,25.9%,40.7%,51.9%,77.8%,85.2%,85.2%,85.2%
89,WELLDONE,$150.36,26,3.8%,3.8%,11.5%,38.5%,69.2%,76.9%,76.9%
90,We11done,$149.22,25,0.0%,0.0%,8.0%,36.0%,44.0%,72.0%,72.0%
91,Valentina,$26.24,25,56.0%,72.0%,92.0%,96.0%,96.0%,96.0%,96.0%
92,Vivienne Westwood Red Label,$201.97,23,39.1%,56.5%,60.9%,87.0%,87.0%,87.0%,87.0%
93,Christian Dior The Suit,$247.00,23,8.7%,17.4%,26.1%,69.6%,73.9%,78.3%,78.3%
94,Ann Taylor LOFT,$152.87,23,8.7%,13.0%,21.7%,43.5%,73.9%,73.9%,73.9%
95,Amiri,$266.52,23,4.3%,8.7%,8.7%,43.5%,52.2%,56.5%,56.5%
96,Manu Atelier,$220.22,23,26.1%,26.1%,39.1%,73.9%,82.6%,82.6%,82.6%
97,SMFK,$104.79,22,13.6%,13.6%,27.3%,68.2%,81.8%,81.8%,81.8%
98,Canada Weather Gear,$42.49,20,60.0%,70.0%,75.0%,85.0%,90.0%,90.0%,90.0%
99,Herve Leger X Max Azria,$160.79,19,5.3%,10.5%,21.1%,68.4%,78.9%,84.2%,84.2%
100,Burberry Black Label,$164.29,19,26.3%,31.6%,31.6%,63.2%,73.7%,73.7%,73.7%
101,Fear of God,$111.42,18,16.7%,22.2%,38.9%,66.7%,72.2%,72.2%,72.2%
102,Nike,$112.92,17,11.8%,29.4%,52.9%,58.8%,82.4%,82.4%,82.4%
103,Nike X Jacquemus,$116.62,17,29.4%,41.2%,52.9%,64.7%,70.6%,70.6%,70.6%
104,Aape by A Bathing Ape,$112.80,17,11.8%,23.5%,35.3%,58.8%,70.6%,70.6%,70.6%
105,Adidas Stella McCartney,$106.30,16,31.3%,37.5%,50.0%,81.3%,87.5%,87.5%,87.5%
106,Fendi x SKIMS,$163.87,16,18.8%,56.3%,75.0%,87.5%,93.8%,93.8%,93.8%
107,Prada Linea Rossa,$150.68,16,31.3%,43.8%,56.3%,75.0%,75.0%,75.0%,75.0%
108,American Eagle Outfitters,$155.14,15,0.0%,0.0%,6.7%,60.0%,73.3%,80.0%,80.0%
109,Christian Dior Sports,$163.09,15,20.0%,20.0%,26.7%,60.0%,66.7%,66.7%,66.7%
110,Forever 21,$160.88,15,0.0%,0.0%,0.0%,6.7%,26.7%,33.3%,33.3%
111,Goyard,"$1,349.24",14,28.6%,35.7%,42.9%,50.0%,50.0%,50.0%,50.0%
112,Nike Jordan,$100.85,14,35.7%,42.9%,42.9%,64.3%,78.6%,85.7%,85.7%
113,Christian Dior Chemises ,$109.51,13,0.0%,15.4%,30.8%,61.5%,92.3%,92.3%,92.3%
114,ADER error,$121.12,13,7.7%,23.1%,38.5%,46.2%,53.8%,61.5%,61.5%
115,Zimmermann x Barneys New York,$336.21,13,0.0%,0.0%,15.4%,69.2%,76.9%,76.9%,76.9%
116,Louise Et Cie,$44.20,13,7.7%,15.4%,61.5%,92.3%,100.0%,100.0%,100.0%
117,Plus Gucci,$329.09,13,23.1%,30.8%,38.5%,69.2%,76.9%,76.9%,76.9%
118,Purple Brand,$137.12,13,7.7%,15.4%,30.8%,53.8%,61.5%,61.5%,61.5%
119,Comme des Garçons Comme des Garçons,$142.49,12,41.7%,41.7%,66.7%,83.3%,91.7%,100.0%,100.0%
120,J.Crew,$154.57,12,0.0%,25.0%,41.7%,83.3%,91.7%,91.7%,91.7%
121,OFF-WHITE c/o VIRGIL ABLOH,$258.59,12,0.0%,16.7%,16.7%,50.0%,75.0%,75.0%,75.0%
122,Moa Moa,$17.29,11,27.3%,45.5%,54.5%,72.7%,81.8%,81.8%,81.8%
123,D&G Dolce and Gabbana Junior,$59.65,11,0.0%,9.1%,9.1%,27.3%,54.5%,63.6%,63.6%
124,Ugg X Telfar,$119.01,11,36.4%,45.5%,54.5%,63.6%,72.7%,72.7%,72.7%
125,Yves Saint Laurent Encore ,$127.10,11,9.1%,9.1%,9.1%,36.4%,45.5%,45.5%,45.5%
126,Yves Saint Laurent Variation,$158.47,11,9.1%,27.3%,36.4%,54.5%,54.5%,54.5%,54.5%
127,Denim Tears,$142.41,10,20.0%,40.0%,50.0%,70.0%,80.0%,80.0%,80.0%
128,Moncler Grenoble,$427.10,10,20.0%,20.0%,40.0%,50.0%,80.0%,90.0%,90.0%
129,Palace,$66.64,10,0.0%,0.0%,10.0%,30.0%,50.0%,50.0%,50.0%
130,Baldwin Denim,$52.44,10,0.0%,0.0%,10.0%,10.0%,10.0%,20.0%,20.0%
131,Christian Siriano for Payless,$45.34,10,40.0%,50.0%,60.0%,70.0%,80.0%,80.0%,80.0%
132,Baby Dior,$101.44,10,20.0%,20.0%,20.0%,70.0%,70.0%,70.0%,70.0%
133,Valentino Garavani Les Sacs ,$235.29,10,0.0%,20.0%,20.0%,80.0%,90.0%,90.0%,90.0%
134,The North Face X Gucci,$526.41,9,22.2%,22.2%,33.3%,55.6%,77.8%,88.9%,88.9%
135,Gucci x Adidas,$353.54,9,11.1%,22.2%,22.2%,66.7%,77.8%,77.8%,77.8%
136,Herve Leger X Forever 21,$17.74,9,33.3%,33.3%,77.8%,77.8%,88.9%,88.9%,88.9%
137,Gap,$98.18,9,22.2%,22.2%,44.4%,66.7%,88.9%,100.0%,100.0%
138,Nike X Supreme,$126.18,9,33.3%,33.3%,33.3%,66.7%,88.9%,100.0%,100.0%
139,Chrome Hearts,$405.61,9,22.2%,22.2%,22.2%,33.3%,55.6%,55.6%,55.6%
140,The North Face,$41.18,9,55.6%,66.7%,88.9%,88.9%,88.9%,88.9%,88.9%
141,Guess,$42.87,8,62.5%,62.5%,62.5%,75.0%,75.0%,75.0%,75.0%
142,o.p.t,$38.12,8,50.0%,75.0%,100.0%,100.0%,100.0%,100.0%,100.0%
143,Vivienne Westwood Anglomania + Melissa,$52.49,8,87.5%,87.5%,87.5%,87.5%,87.5%,87.5%,87.5%
144,Loewe + Paula’s Ibiza ,$407.07,8,37.5%,37.5%,37.5%,62.5%,87.5%,87.5%,87.5%
145,D&G Dolce & Gabbana,$187.74,7,28.6%,71.4%,71.4%,85.7%,100.0%,100.0%,100.0%
146,Cactus Jack,$53.07,7,14.3%,28.6%,42.9%,57.1%,57.1%,57.1%,57.1%
147,J&ans by Dolce & Gabbana,$124.62,7,57.1%,57.1%,71.4%,85.7%,85.7%,85.7%,85.7%
148,Moschino by Redwall,$123.31,7,0.0%,28.6%,57.1%,100.0%,100.0%,100.0%,100.0%
149,Givenchy Sport,$107.12,7,0.0%,0.0%,28.6%,28.6%,57.1%,57.1%,57.1%
150,Melissa x Telfar,$135.74,7,28.6%,42.9%,71.4%,85.7%,85.7%,85.7%,85.7%
151,Givenchy En Plus,$87.17,7,0.0%,0.0%,14.3%,100.0%,100.0%,100.0%,100.0%
152,Vilebrequin,$34.60,7,42.9%,57.1%,71.4%,85.7%,100.0%,100.0%,100.0%
153,Gucci x SEGA,$848.49,6,0.0%,0.0%,0.0%,50.0%,66.7%,66.7%,66.7%
154,Valentino Orlandi ,$83.07,6,16.7%,16.7%,66.7%,83.3%,83.3%,83.3%,83.3%
155,Chanel Identification,$541.37,6,0.0%,0.0%,16.7%,50.0%,66.7%,66.7%,66.7%
156,CHANEL SPORT,$582.24,6,16.7%,33.3%,50.0%,100.0%,100.0%,100.0%,100.0%
157,Christian Dior Prēt-A-Porter,$265.41,6,16.7%,16.7%,16.7%,33.3%,66.7%,66.7%,66.7%
158,Louis Vuitton x Takashi Murakami,$734.41,6,50.0%,66.7%,83.3%,100.0%,100.0%,100.0%,100.0%
159,Moose Knuckles X Telfar,$215.74,6,16.7%,16.7%,33.3%,50.0%,83.3%,83.3%,83.3%
160,Bape Kids,$48.62,6,33.3%,50.0%,83.3%,100.0%,100.0%,100.0%,100.0%
161,Adidas,$77.57,6,0.0%,33.3%,66.7%,83.3%,100.0%,100.0%,100.0%
162,Herve Leger X Law Roach,$756.91,6,0.0%,0.0%,0.0%,66.7%,83.3%,83.3%,83.3%
163,Nike X OFF-WHITE,$152.74,5,20.0%,20.0%,60.0%,60.0%,80.0%,80.0%,80.0%
164,Loeffler Randall,$63.14,5,40.0%,40.0%,60.0%,80.0%,100.0%,100.0%,100.0%
165,Valextra,$517.14,5,0.0%,0.0%,0.0%,60.0%,60.0%,60.0%,60.0%
166,Brooks Brothers,$70.74,5,20.0%,40.0%,40.0%,60.0%,60.0%,60.0%,60.0%
167,Valentino Garavani Sport,$170.34,5,0.0%,0.0%,20.0%,60.0%,60.0%,60.0%,60.0%
168,Versace 19.69 Abbigliamento Sportivo,$64.74,5,60.0%,80.0%,80.0%,80.0%,80.0%,80.0%,80.0%
169,Dolce & Gabbana X SKIMS,$77.54,5,100.0%,100.0%,100.0%,100.0%,100.0%,100.0%,100.0%
170,Givenchy Nouvelle Boutique ,$156.74,5,20.0%,20.0%,20.0%,60.0%,80.0%,80.0%,80.0%
171,S.C. & Co.,$12.54,5,20.0%,40.0%,80.0%,100.0%,100.0%,100.0%,100.0%
172,Kimes Ranch,$20.74,5,100.0%,100.0%,100.0%,100.0%,100.0%,100.0%,100.0%
173,Vetements,$252.74,5,20.0%,20.0%,20.0%,60.0%,80.0%,80.0%,80.0%
174,Eastpak X Telfar,$122.91,5,40.0%,60.0%,60.0%,100.0%,100.0%,100.0%,100.0%
175,Spiritual Gangster,$16.74,5,0.0%,80.0%,100.0%,100.0%,100.0%,100.0%,100.0%
176,Moncler 4 Simone Rocha,$598.94,5,60.0%,60.0%,80.0%,100.0%,100.0%,100.0%,100.0%
177,Adidas X Fear of God Athletics,$96.24,5,20.0%,40.0%,60.0%,80.0%,80.0%,80.0%,80.0%
178,Valentino Studio ,$140.74,5,0.0%,0.0%,20.0%,40.0%,40.0%,40.0%,40.0%
179,DC*,$27.49,4,25.0%,50.0%,50.0%,75.0%,75.0%,75.0%,75.0%
180,Stone Island,$147.49,4,0.0%,25.0%,25.0%,50.0%,50.0%,50.0%,50.0%
181,Supreme x Emilio Pucci,$162.74,4,75.0%,75.0%,100.0%,100.0%,100.0%,100.0%,100.0%
182,Delvaux,$930.99,4,0.0%,0.0%,50.0%,50.0%,75.0%,75.0%,75.0%
183,Celine for  Finition Main ,$265.99,4,0.0%,0.0%,25.0%,50.0%,50.0%,50.0%,50.0%
184,Sacai x Nike,$237.74,4,0.0%,25.0%,25.0%,50.0%,75.0%,75.0%,75.0%
185,Boden,$44.74,4,0.0%,50.0%,50.0%,75.0%,100.0%,100.0%,100.0%
186,Play Comme Des Garçons X Nike,$93.24,4,50.0%,50.0%,75.0%,75.0%,75.0%,75.0%,75.0%
187,Cinderella Divine,$67.24,4,25.0%,50.0%,50.0%,50.0%,50.0%,50.0%,50.0%
188,Season 6,$243.49,4,0.0%,0.0%,25.0%,50.0%,75.0%,75.0%,75.0%
189,Princess Polly,$20.24,4,25.0%,50.0%,75.0%,100.0%,100.0%,100.0%,100.0%
190,New Era x Supreme,$45.74,4,50.0%,50.0%,75.0%,75.0%,75.0%,75.0%,75.0%
191,Fendi Mare,$184.94,4,50.0%,50.0%,50.0%,100.0%,100.0%,100.0%,100.0%
192,Selection de Givenchy,$157.49,4,50.0%,50.0%,50.0%,75.0%,100.0%,100.0%,100.0%
193,Fendace,$522.54,4,0.0%,0.0%,0.0%,50.0%,75.0%,75.0%,75.0%
194,Yves St. Clair,$11.99,4,25.0%,50.0%,50.0%,50.0%,75.0%,75.0%,75.0%
195,Off-White for Nike,$120.74,4,0.0%,25.0%,100.0%,100.0%,100.0%,100.0%,100.0%
196,Fendi Jeans,$198.91,4,0.0%,0.0%,25.0%,75.0%,75.0%,75.0%,75.0%
197,Sp5der,$156.74,4,0.0%,0.0%,25.0%,50.0%,50.0%,50.0%,50.0%
198,Valentino Intimo,$96.24,4,50.0%,75.0%,75.0%,75.0%,100.0%,100.0%,100.0%
199,Sesto Meucci,$37.24,4,0.0%,25.0%,75.0%,100.0%,100.0%,100.0%,100.0%
200,HAUS by Golden Goose,$205.24,4,50.0%,50.0%,50.0%,50.0%,75.0%,75.0%,75.0%
201,Revenge,$117.74,4,0.0%,25.0%,50.0%,75.0%,75.0%,75.0%,75.0%
202,Moncler Genius,$428.74,4,25.0%,50.0%,50.0%,75.0%,100.0%,100.0%,100.0%
203,Disney X Gucci,$286.24,4,25.0%,25.0%,25.0%,25.0%,25.0%,25.0%,25.0%
204,PrAna,$19.49,4,50.0%,50.0%,75.0%,75.0%,75.0%,75.0%,75.0%
205,Balmain for H&M,$113.99,4,25.0%,50.0%,50.0%,75.0%,75.0%,75.0%,75.0%
206,Valentino Roma,$165.49,4,0.0%,0.0%,25.0%,50.0%,75.0%,75.0%,75.0%
207,Free People,$46.24,4,50.0%,75.0%,75.0%,100.0%,100.0%,100.0%,100.0%
208,Christian Dior Le Connaisseur,$164.24,4,0.0%,0.0%,0.0%,50.0%,75.0%,75.0%,75.0%
209,CK Bradley New York,$65.41,3,0.0%,0.0%,0.0%,0.0%,33.3%,33.3%,33.3%
210,See By Chloé,$91.41,3,33.3%,33.3%,33.3%,100.0%,100.0%,100.0%,100.0%
211,Fendi 365,$270.74,3,0.0%,0.0%,0.0%,66.7%,66.7%,66.7%,66.7%
212,Universal Thread,$10.07,3,0.0%,0.0%,33.3%,66.7%,66.7%,66.7%,66.7%
213,Groceries Apparel,$25.07,3,0.0%,66.7%,66.7%,66.7%,100.0%,100.0%,100.0%
214,M.C,$15.07,3,33.3%,33.3%,66.7%,66.7%,66.7%,66.7%,66.7%
215,Jimmy Choo x Ashley Williams,$123.54,3,0.0%,0.0%,0.0%,100.0%,100.0%,100.0%,100.0%
216,Comme des Garçons GIRL,$70.74,3,66.7%,66.7%,100.0%,100.0%,100.0%,100.0%,100.0%
217,Chloé x Mifuko,$359.07,3,0.0%,0.0%,0.0%,100.0%,100.0%,100.0%,100.0%
218,Zara,$28.74,3,0.0%,0.0%,33.3%,66.7%,66.7%,66.7%,66.7%
219,Moreau,$355.41,3,0.0%,0.0%,0.0%,0.0%,0.0%,0.0%,0.0%
220,October's Very Own OVO,$28.07,3,0.0%,0.0%,33.3%,100.0%,100.0%,100.0%,100.0%
221,Acne Studios x Honey Dijon,$64.74,3,33.3%,33.3%,33.3%,33.3%,66.7%,66.7%,66.7%
222,Gap Kids,$39.07,3,0.0%,0.0%,0.0%,33.3%,33.3%,33.3%,33.3%
223,Rolex,$152.07,3,33.3%,33.3%,33.3%,100.0%,100.0%,100.0%,100.0%
224,Dior Homme,$139.99,3,33.3%,33.3%,66.7%,100.0%,100.0%,100.0%,100.0%
225,Dolce & Gabbana Basic,$72.74,3,33.3%,33.3%,33.3%,66.7%,66.7%,66.7%,66.7%
226,Aupen,$243.74,3,33.3%,33.3%,33.3%,66.7%,66.7%,66.7%,66.7%
227,Burberry Brit,$144.74,3,33.3%,33.3%,33.3%,66.7%,66.7%,66.7%,66.7%
228,BABY MILO *A Bathing Ape,$90.99,3,0.0%,66.7%,100.0%,100.0%,100.0%,100.0%,100.0%
229,Valentino TECHNOCOUTURE,$63.74,3,33.3%,33.3%,66.7%,66.7%,66.7%,66.7%,66.7%
230,Versace Sport,$53.41,3,33.3%,33.3%,66.7%,66.7%,66.7%,66.7%,66.7%
231,Nike X Cactus Jack,$102.41,3,33.3%,66.7%,66.7%,66.7%,100.0%,100.0%,100.0%
232,Puma X Balmain,$61.74,3,66.7%,100.0%,100.0%,100.0%,100.0%,100.0%,100.0%
233,Self-Portrait x Le Specs,$123.41,3,0.0%,0.0%,33.3%,33.3%,66.7%,66.7%,66.7%
234,Young Versace,$65.74,3,0.0%,0.0%,0.0%,33.3%,66.7%,66.7%,66.7%
235,Vivienne Westwood + Melissa Queen,$61.74,3,33.3%,33.3%,100.0%,100.0%,100.0%,100.0%,100.0%
236,Converse x Telfar,$75.41,3,0.0%,0.0%,100.0%,100.0%,100.0%,100.0%,100.0%
237,Scala,$112.74,3,0.0%,33.3%,66.7%,100.0%,100.0%,100.0%,100.0%
238,Dubarry,$16.74,3,66.7%,66.7%,100.0%,100.0%,100.0%,100.0%,100.0%
239,Escada,$112.41,3,66.7%,66.7%,66.7%,66.7%,100.0%,100.0%,100.0%
240,Athleta,$37.41,3,0.0%,66.7%,66.7%,66.7%,66.7%,66.7%,66.7%
241,Tommy Hilfiger,$19.07,3,66.7%,66.7%,66.7%,66.7%,66.7%,66.7%,66.7%
242,Prada Sport,$114.41,3,0.0%,33.3%,100.0%,100.0%,100.0%,100.0%,100.0%
243,Ugg,$58.41,3,66.7%,66.7%,100.0%,100.0%,100.0%,100.0%,100.0%
244,Sam Edelman,$36.41,3,66.7%,100.0%,100.0%,100.0%,100.0%,100.0%,100.0%
245,Banana Republic,$23.74,3,0.0%,0.0%,0.0%,33.3%,66.7%,66.7%,66.7%
246,Rick Owens DRKSHDW,$284.41,3,0.0%,0.0%,0.0%,33.3%,33.3%,33.3%,33.3%
247,Christian Dior Lounge Wear,$139.41,3,33.3%,33.3%,33.3%,33.3%,100.0%,100.0%,100.0%
248,Manolo Blahnik Exclusively for Neiman Marcus,$190.41,3,0.0%,0.0%,66.7%,100.0%,100.0%,100.0%,100.0%
249,Christian Lacroix,$127.41,3,0.0%,33.3%,66.7%,66.7%,100.0%,100.0%,100.0%
250,Lilly Pulitzer,$43.07,3,33.3%,66.7%,66.7%,100.0%,100.0%,100.0%,100.0%
251,Cupshe,$11.41,3,33.3%,33.3%,33.3%,66.7%,66.7%,66.7%,66.7%
252,A-Cold-Wall*,$119.74,3,0.0%,33.3%,33.3%,33.3%,33.3%,33.3%,33.3%
253,J.Crew Factory Store,$19.74,2,50.0%,100.0%,100.0%,100.0%,100.0%,100.0%,100.0%
254,Dolce & Gabbana Intimo,$95.14,2,50.0%,50.0%,50.0%,100.0%,100.0%,100.0%,100.0%
255,Reformation,$62.74,2,100.0%,100.0%,100.0%,100.0%,100.0%,100.0%,100.0%
256,Louis Vuitton x Fornasetti,$619.74,2,0.0%,0.0%,50.0%,50.0%,50.0%,50.0%,50.0%
257,Stella McCartney for LeSportsac,$99.74,2,0.0%,0.0%,50.0%,100.0%,100.0%,100.0%,100.0%
258,Ann Taylor,$30.74,2,0.0%,0.0%,50.0%,100.0%,100.0%,100.0%,100.0%
259,Versace by C.A.R. Abbigliamento S.r.l.,$181.24,2,50.0%,50.0%,50.0%,100.0%,100.0%,100.0%,100.0%
260,RED Valentino,$226.74,2,0.0%,0.0%,0.0%,50.0%,100.0%,100.0%,100.0%
261,Versace X Dua Lipa,$272.74,2,0.0%,0.0%,0.0%,50.0%,50.0%,50.0%,50.0%
262,Charter Club,$19.74,2,0.0%,0.0%,50.0%,50.0%,50.0%,50.0%,100.0%
263,Kate Spade New York,$70.74,2,0.0%,100.0%,100.0%,100.0%,100.0%,100.0%,100.0%
264,Main Label,$161.24,2,0.0%,0.0%,0.0%,0.0%,50.0%,50.0%,50.0%
265,The Children's Place,$8.24,2,50.0%,50.0%,50.0%,50.0%,50.0%,50.0%,50.0%
266,HL by Herve Leger,$73.74,2,0.0%,0.0%,50.0%,100.0%,100.0%,100.0%,100.0%
267,Moschino Mare,$126.74,2,0.0%,0.0%,0.0%,0.0%,0.0%,0.0%,0.0%
268,BAPY BY A BATHING APE,$62.74,2,0.0%,0.0%,0.0%,50.0%,100.0%,100.0%,100.0%
269,Étoile Isabel Marant,$89.74,2,0.0%,50.0%,50.0%,100.0%,100.0%,100.0%,100.0%
270,Adidas X PHARRELL WILLIAMS,$21.74,2,0.0%,0.0%,0.0%,50.0%,50.0%,50.0%,50.0%
271,Superga,$16.24,2,50.0%,50.0%,50.0%,100.0%,100.0%,100.0%,100.0%
272,Victoria's Secret,$28.74,2,100.0%,100.0%,100.0%,100.0%,100.0%,100.0%,100.0%
273,Torrid,$19.74,2,50.0%,50.0%,100.0%,100.0%,100.0%,100.0%,100.0%
274,Adidas x Wales Bonner,$79.24,2,0.0%,0.0%,50.0%,50.0%,50.0%,50.0%,50.0%
275,Coogi,$51.74,2,50.0%,50.0%,100.0%,100.0%,100.0%,100.0%,100.0%
276,Bape Sta,$102.74,2,0.0%,0.0%,50.0%,50.0%,50.0%,50.0%,50.0%
277,Cole Haan,$59.74,2,50.0%,50.0%,50.0%,50.0%,100.0%,100.0%,100.0%
278,Céline by Champion,$20.24,2,0.0%,0.0%,0.0%,50.0%,50.0%,50.0%,50.0%
279,Herve Leger X Julia Restoin Roitfeld,$197.24,2,0.0%,0.0%,0.0%,50.0%,50.0%,100.0%,100.0%
280,Union LA x Air Jordan,$130.07,2,0.0%,0.0%,0.0%,0.0%,100.0%,100.0%,100.0%
281,Bottega Giotti,$132.74,2,50.0%,50.0%,50.0%,50.0%,50.0%,100.0%,100.0%
282,Adrianna Papell,$26.74,2,50.0%,50.0%,50.0%,100.0%,100.0%,100.0%,100.0%
283,The North Face x Supreme,$190.74,2,0.0%,50.0%,50.0%,100.0%,100.0%,100.0%,100.0%
284,Versace For Riachuelo,$209.24,2,0.0%,0.0%,100.0%,100.0%,100.0%,100.0%,100.0%
285,Zella,$55.24,2,0.0%,0.0%,0.0%,0.0%,0.0%,50.0%,50.0%
286,Banana Republic Factory Store,$16.74,2,0.0%,0.0%,50.0%,100.0%,100.0%,100.0%,100.0%
287,Trina Turk,$71.41,2,50.0%,50.0%,100.0%,100.0%,100.0%,100.0%,100.0%
288,Philcos,$5.74,2,50.0%,100.0%,100.0%,100.0%,100.0%,100.0%,100.0%
289,GOLF le FLEUR*,$50.24,2,50.0%,50.0%,50.0%,50.0%,50.0%,50.0%,50.0%
290,New York & Company,$18.74,2,0.0%,0.0%,0.0%,50.0%,50.0%,50.0%,50.0%
291,Canada Goose X Mackie,$167.24,2,0.0%,0.0%,0.0%,0.0%,100.0%,100.0%,100.0%
292,Nine West,$33.24,2,0.0%,50.0%,50.0%,100.0%,100.0%,100.0%,100.0%
293,Italo,$77.74,2,0.0%,0.0%,0.0%,50.0%,50.0%,100.0%,100.0%
294,Balenciaga X Adidas,"$1,036.24",2,0.0%,0.0%,50.0%,100.0%,100.0%,100.0%,100.0%
295,Vera Bradley,$38.24,2,0.0%,100.0%,100.0%,100.0%,100.0%,100.0%,100.0%
296,Jordan,$25.24,2,50.0%,50.0%,50.0%,100.0%,100.0%,100.0%,100.0%
297,Baby Gap,$67.24,2,0.0%,0.0%,0.0%,0.0%,0.0%,0.0%,0.0%
298,Wesley,$29.24,2,0.0%,0.0%,0.0%,0.0%,50.0%,50.0%,50.0%
299,Valentino Jeans,$38.24,2,50.0%,50.0%,50.0%,50.0%,50.0%,50.0%,50.0%
300,Jacqueline Ferrar,$19.74,2,0.0%,0.0%,0.0%,0.0%,0.0%,50.0%,50.0%
301,Gucci x Liberty,$275.24,2,50.0%,50.0%,50.0%,100.0%,100.0%,100.0%,100.0%
302,Yves Saint Laurent Beaute,$85.74,2,50.0%,50.0%,100.0%,100.0%,100.0%,100.0%,100.0%
303,Givenchy Style,$236.74,2,0.0%,0.0%,0.0%,50.0%,50.0%,50.0%,50.0%
304,Supreme x Hanes,$9.74,2,50.0%,50.0%,50.0%,50.0%,50.0%,50.0%,50.0%
305,Rick Owens Lilies,$257.24,2,0.0%,0.0%,0.0%,0.0%,50.0%,50.0%,50.0%
306,LA/TC,$30.74,2,100.0%,100.0%,100.0%,100.0%,100.0%,100.0%,100.0%
307,Anti Social Social Club x Paul Frank,$69.74,2,0.0%,0.0%,50.0%,100.0%,100.0%,100.0%,100.0%
308,K. Jacques,$48.74,2,50.0%,50.0%,100.0%,100.0%,100.0%,100.0%,100.0%
309,Spyder,$18.24,2,0.0%,50.0%,50.0%,100.0%,100.0%,100.0%,100.0%
310,Moynat,"$1,104.74",2,0.0%,0.0%,0.0%,0.0%,0.0%,0.0%,0.0%
311,Mastermind Japan,$98.74,2,0.0%,0.0%,0.0%,0.0%,100.0%,100.0%,100.0%
312,J.Jill,$14.74,2,50.0%,50.0%,50.0%,50.0%,50.0%,50.0%,50.0%
313,Sophie Grace,$45.74,2,0.0%,50.0%,50.0%,100.0%,100.0%,100.0%,100.0%
314,Miss V,$43.24,2,50.0%,50.0%,50.0%,100.0%,100.0%,100.0%,100.0%
315,Mother,$32.24,2,50.0%,50.0%,100.0%,100.0%,100.0%,100.0%,100.0%
316,Izod Golf,$24.74,2,0.0%,0.0%,0.0%,50.0%,50.0%,50.0%,50.0%
317,Herschel Supply Co.,$32.74,2,100.0%,100.0%,100.0%,100.0%,100.0%,100.0%,100.0%
318,Veja x Rick Owens,$114.74,2,0.0%,50.0%,100.0%,100.0%,100.0%,100.0%,100.0%
319,Champion,$32.24,2,0.0%,50.0%,50.0%,100.0%,100.0%,100.0%,100.0%
320,DÔEN,$65.74,2,100.0%,100.0%,100.0%,100.0%,100.0%,100.0%,100.0%
321,Giuseppe Zanotti for Balmain,$237.74,2,0.0%,0.0%,0.0%,0.0%,0.0%,0.0%,0.0%
322,Valentino Sport,$133.74,2,0.0%,0.0%,0.0%,0.0%,50.0%,50.0%,50.0%
323,Tommy Bahama,$25.24,2,100.0%,100.0%,100.0%,100.0%,100.0%,100.0%,100.0%
324,Crewcuts,$18.24,2,0.0%,0.0%,0.0%,0.0%,50.0%,50.0%,50.0%
325,Peter Nygard,$15.24,2,0.0%,0.0%,0.0%,0.0%,0.0%,0.0%,0.0%
326,Massimo Dutti,$27.24,2,50.0%,50.0%,50.0%,50.0%,50.0%,50.0%,50.0%
327,North Sails x Prada,$93.74,2,50.0%,50.0%,100.0%,100.0%,100.0%,100.0%,100.0%
328,Patek Philippe,$166.24,2,50.0%,50.0%,100.0%,100.0%,100.0%,100.0%,100.0%
329,Old Navy,$15.74,2,0.0%,0.0%,0.0%,0.0%,0.0%,0.0%,0.0%
330,verse ,$33.24,2,0.0%,0.0%,0.0%,50.0%,50.0%,50.0%,100.0%
331,Coeur De Vague,$18.74,2,0.0%,0.0%,0.0%,50.0%,50.0%,50.0%,50.0%
332,Uniqlo and Lemaire,$18.74,2,50.0%,100.0%,100.0%,100.0%,100.0%,100.0%,100.0%
333,Chico's,$25.24,2,50.0%,50.0%,100.0%,100.0%,100.0%,100.0%,100.0%
334,Dolce & Gabbana Beachwear,$159.74,2,0.0%,0.0%,0.0%,50.0%,50.0%,50.0%,50.0%
335,Quay,$22.74,2,50.0%,50.0%,100.0%,100.0%,100.0%,100.0%,100.0%
336,Talbots,$20.24,2,0.0%,0.0%,0.0%,0.0%,0.0%,50.0%,50.0%
337,Christian Siriano New York,$42.74,2,50.0%,50.0%,50.0%,50.0%,100.0%,100.0%,100.0%
338,S.O.N.G.,$15.74,2,0.0%,0.0%,50.0%,50.0%,50.0%,50.0%,50.0%
339,Coach,$85.24,2,50.0%,100.0%,100.0%,100.0%,100.0%,100.0%,100.0%
340,Bonpoint x Golden Goose,$105.24,2,0.0%,0.0%,50.0%,50.0%,100.0%,100.0%,100.0%
341,A New Day,$7.74,2,0.0%,0.0%,50.0%,100.0%,100.0%,100.0%,100.0%
342,Under Armour,$11.74,2,50.0%,50.0%,50.0%,100.0%,100.0%,100.0%,100.0%
343,Canada Goose x Angel Chen,$249.24,2,0.0%,0.0%,0.0%,100.0%,100.0%,100.0%,100.0%
344,7 For All Mankind,$33.74,2,50.0%,50.0%,50.0%,50.0%,50.0%,100.0%,100.0%
345,Louis Vuitton X Yayoi Kusama,"$1,144.74",2,0.0%,0.0%,50.0%,100.0%,100.0%,100.0%,100.0%
346,Air Jordan x Billie Eilish,$115.24,2,50.0%,100.0%,100.0%,100.0%,100.0%,100.0%,100.0%
347,Picadilly Fashions,$24.74,2,0.0%,0.0%,50.0%,100.0%,100.0%,100.0%,100.0%
348,Chloé Stora,$45.24,2,0.0%,0.0%,0.0%,0.0%,0.0%,50.0%,50.0%
349,Alo,$31.24,2,100.0%,100.0%,100.0%,100.0%,100.0%,100.0%,100.0%
350,Tony Bianco,$37.74,1,0.0%,0.0%,100.0%,100.0%,100.0%,100.0%,100.0%
351,Venezia,$14.74,1,100.0%,100.0%,100.0%,100.0%,100.0%,100.0%,100.0%
352,Ideology,$10.74,1,100.0%,100.0%,100.0%,100.0%,100.0%,100.0%,100.0%
353,Moncler Gamme Rouge,$529.74,1,0.0%,0.0%,0.0%,100.0%,100.0%,100.0%,100.0%
354,Cos,$32.74,1,100.0%,100.0%,100.0%,100.0%,100.0%,100.0%,100.0%
355,2Bella,$23.74,1,0.0%,100.0%,100.0%,100.0%,100.0%,100.0%,100.0%
356,Dolce Cabo,$42.74,1,0.0%,0.0%,0.0%,0.0%,0.0%,0.0%,0.0%
357,OFF-WHITE x Air Jordan,,1,0.0%,0.0%,0.0%,0.0%,0.0%,0.0%,0.0%
358,Fabletics,$9.74,1,0.0%,0.0%,100.0%,100.0%,100.0%,100.0%,100.0%
359,Ann Taylor LOFT Outlet,$20.74,1,0.0%,100.0%,100.0%,100.0%,100.0%,100.0%,100.0%
360,Gucci x Balenciaga,$445.74,1,0.0%,0.0%,100.0%,100.0%,100.0%,100.0%,100.0%
361,Hayley Menzies,$61.74,1,100.0%,100.0%,100.0%,100.0%,100.0%,100.0%,100.0%
362,Ugg & Jimmy Choo,$154.74,1,0.0%,0.0%,100.0%,100.0%,100.0%,100.0%,100.0%
363,Blank London,$17.74,1,0.0%,0.0%,0.0%,0.0%,0.0%,0.0%,0.0%
364,Painted Pony,$14.74,1,100.0%,100.0%,100.0%,100.0%,100.0%,100.0%,100.0%
365,Arrive Guide,$10.74,1,100.0%,100.0%,100.0%,100.0%,100.0%,100.0%,100.0%
366,HBCU Cross Colours,$17.74,1,100.0%,100.0%,100.0%,100.0%,100.0%,100.0%,100.0%
367,DD Collection,$7.74,1,100.0%,100.0%,100.0%,100.0%,100.0%,100.0%,100.0%
368,Saints & Hearts,$264.74,1,0.0%,0.0%,0.0%,100.0%,100.0%,100.0%,100.0%
369,Air Max,,1,0.0%,0.0%,0.0%,0.0%,0.0%,0.0%,0.0%
370,Versace for H&M,$95.74,1,100.0%,100.0%,100.0%,100.0%,100.0%,100.0%,100.0%
371,Lodis,$15.74,1,0.0%,100.0%,100.0%,100.0%,100.0%,100.0%,100.0%
372,Rose Art Modes Exclusive with Zimmerman,$100.74,1,100.0%,100.0%,100.0%,100.0%,100.0%,100.0%,100.0%
373,NIIA,$26.74,1,0.0%,0.0%,0.0%,100.0%,100.0%,100.0%,100.0%
374,Goody Goody California,$12.74,1,100.0%,100.0%,100.0%,100.0%,100.0%,100.0%,100.0%
375,Horze,$45.74,1,100.0%,100.0%,100.0%,100.0%,100.0%,100.0%,100.0%
376,The Group by Babaton,$30.74,1,0.0%,0.0%,0.0%,100.0%,100.0%,100.0%,100.0%
377,Baldwin Kansas City,$21.74,1,0.0%,0.0%,0.0%,100.0%,100.0%,100.0%,100.0%
378,On Cloud,$50.74,1,100.0%,100.0%,100.0%,100.0%,100.0%,100.0%,100.0%
379,Curves N Combatboots,$18.74,1,0.0%,0.0%,0.0%,0.0%,0.0%,0.0%,0.0%
380,Asha,$19.74,1,0.0%,0.0%,100.0%,100.0%,100.0%,100.0%,100.0%
381,G-Star,$22.74,1,0.0%,100.0%,100.0%,100.0%,100.0%,100.0%,100.0%
382,Moschino Jeans,$63.74,1,100.0%,100.0%,100.0%,100.0%,100.0%,100.0%,100.0%
383,Robby Lens Swimwear,$22.74,1,0.0%,0.0%,100.0%,100.0%,100.0%,100.0%,100.0%
384,GIVENCHY HI FORMAL,$150.74,1,0.0%,0.0%,0.0%,100.0%,100.0%,100.0%,100.0%
385,Urban Outfitters,$9.74,1,0.0%,0.0%,0.0%,100.0%,100.0%,100.0%,100.0%
386,Enzoro Valentino,$56.74,1,0.0%,0.0%,0.0%,100.0%,100.0%,100.0%,100.0%
387,Quinn,$49.74,1,0.0%,0.0%,0.0%,0.0%,100.0%,100.0%,100.0%
388,Coach Factory,$78.74,1,100.0%,100.0%,100.0%,100.0%,100.0%,100.0%,100.0%
389,Scene & Heard,$13.74,1,0.0%,100.0%,100.0%,100.0%,100.0%,100.0%,100.0%
390,Beleaf,$11.74,1,0.0%,0.0%,0.0%,0.0%,0.0%,0.0%,0.0%
391,Must de Cartier,$175.74,1,100.0%,100.0%,100.0%,100.0%,100.0%,100.0%,100.0%
392,Kit and Ace,$57.74,1,0.0%,0.0%,0.0%,0.0%,0.0%,0.0%,0.0%
393,Supreme X Dr. Martens,$146.74,1,0.0%,0.0%,0.0%,0.0%,0.0%,0.0%,0.0%
394,Tricot Comme des Garçons,$100.74,1,0.0%,0.0%,0.0%,0.0%,0.0%,0.0%,0.0%
395,ACW Design,$2.74,1,100.0%,100.0%,100.0%,100.0%,100.0%,100.0%,100.0%
396,Dolce & Gabbana Mare,$119.74,1,0.0%,0.0%,0.0%,0.0%,0.0%,0.0%,0.0%
397,Poetry Clothing,$29.74,1,0.0%,100.0%,100.0%,100.0%,100.0%,100.0%,100.0%
398,VeraRose,$11.74,1,0.0%,0.0%,0.0%,0.0%,0.0%,0.0%,0.0%
399,Anti Social Social Club x UNDEFEATED,$75.74,1,100.0%,100.0%,100.0%,100.0%,100.0%,100.0%,100.0%
400,Alyx,$247.74,1,0.0%,0.0%,100.0%,100.0%,100.0%,100.0%,100.0%
401,Ampersand Ave,$17.74,1,0.0%,0.0%,100.0%,100.0%,100.0%,100.0%,100.0%
402,Cashmere,$27.74,1,100.0%,100.0%,100.0%,100.0%,100.0%,100.0%,100.0%
403,Express,$33.74,1,0.0%,0.0%,0.0%,100.0%,100.0%,100.0%,100.0%
404,OC by OC,$19.74,1,0.0%,0.0%,0.0%,0.0%,0.0%,0.0%,0.0%
405,Coco,$23.74,1,0.0%,0.0%,0.0%,100.0%,100.0%,100.0%,100.0%
406,QEARAL,$12.74,1,0.0%,100.0%,100.0%,100.0%,100.0%,100.0%,100.0%
407,DerSchutze,$38.74,1,0.0%,0.0%,100.0%,100.0%,100.0%,100.0%,100.0%
408,VALIÁNTE,$37.74,1,0.0%,0.0%,0.0%,0.0%,0.0%,0.0%,0.0%
409,Lotus Arts de Vivre,$75.74,1,0.0%,0.0%,0.0%,0.0%,0.0%,0.0%,0.0%
410,Blueberry Denim,$13.74,1,0.0%,0.0%,100.0%,100.0%,100.0%,100.0%,100.0%
411,TR,$10.74,1,0.0%,0.0%,100.0%,100.0%,100.0%,100.0%,100.0%
412,D&G Junior,$19.74,1,0.0%,0.0%,0.0%,0.0%,0.0%,0.0%,0.0%
413,LE COVE,$16.74,1,0.0%,0.0%,100.0%,100.0%,100.0%,100.0%,100.0%
414,Polly,$8.74,1,0.0%,0.0%,0.0%,0.0%,0.0%,100.0%,100.0%
415,David Lerner,$26.74,1,0.0%,0.0%,0.0%,0.0%,0.0%,0.0%,0.0%
416,VSX Sport,$30.74,1,100.0%,100.0%,100.0%,100.0%,100.0%,100.0%,100.0%
417,Armitron ,$36.74,1,0.0%,0.0%,0.0%,100.0%,100.0%,100.0%,100.0%
418,Happi Space,$30.74,1,100.0%,100.0%,100.0%,100.0%,100.0%,100.0%,100.0%
419,Agua by Agua Bendita x Gucci Vault,$684.74,1,0.0%,0.0%,0.0%,0.0%,100.0%,100.0%,100.0%
420,Kona Sol,$12.74,1,0.0%,0.0%,100.0%,100.0%,100.0%,100.0%,100.0%
421,Orolay,$63.74,1,100.0%,100.0%,100.0%,100.0%,100.0%,100.0%,100.0%
422,Brian Reyes,$94.74,1,0.0%,0.0%,0.0%,0.0%,0.0%,0.0%,0.0%
423,BCBGMAXAZRIA,$44.74,1,0.0%,0.0%,100.0%,100.0%,100.0%,100.0%,100.0%
424,Jennifer & Grace,$48.74,1,100.0%,100.0%,100.0%,100.0%,100.0%,100.0%,100.0%
425,Appaman,$10.74,1,0.0%,0.0%,100.0%,100.0%,100.0%,100.0%,100.0%
426,SLA The Label,$19.74,1,0.0%,0.0%,0.0%,0.0%,100.0%,100.0%,100.0%
427,Lusso,$92.74,1,0.0%,0.0%,0.0%,100.0%,100.0%,100.0%,100.0%
428,Adriano Goldschmied,$31.74,1,0.0%,0.0%,0.0%,100.0%,100.0%,100.0%,100.0%
429,SUPreme Paddle Gear,$28.74,1,0.0%,0.0%,100.0%,100.0%,100.0%,100.0%,100.0%
430,Express One Eleven,$17.74,1,0.0%,0.0%,100.0%,100.0%,100.0%,100.0%,100.0%
431,Giorgio Armani,$61.74,1,0.0%,100.0%,100.0%,100.0%,100.0%,100.0%,100.0%
432,Cache,$29.74,1,100.0%,100.0%,100.0%,100.0%,100.0%,100.0%,100.0%
433,JS Collections,$54.74,1,0.0%,100.0%,100.0%,100.0%,100.0%,100.0%,100.0%
434,BeachLunchLounge,$23.74,1,0.0%,100.0%,100.0%,100.0%,100.0%,100.0%,100.0%
435,J by Joie,$62.74,1,0.0%,100.0%,100.0%,100.0%,100.0%,100.0%,100.0%
436,Wildfox,$43.74,1,0.0%,0.0%,0.0%,0.0%,100.0%,100.0%,100.0%
437,Steve Madden,$39.74,1,0.0%,100.0%,100.0%,100.0%,100.0%,100.0%,100.0%
438,Lennie For Nina Leonard,$16.74,1,0.0%,0.0%,100.0%,100.0%,100.0%,100.0%,100.0%
439,Tribal Jeans,$41.74,1,100.0%,100.0%,100.0%,100.0%,100.0%,100.0%,100.0%
440,Tela,$68.74,1,0.0%,0.0%,0.0%,0.0%,0.0%,100.0%,100.0%
441,Studio by Liz Claiborne,$8.74,1,0.0%,0.0%,0.0%,0.0%,0.0%,100.0%,100.0%
442,Moncler x Loro Piana,$599.74,1,0.0%,0.0%,0.0%,100.0%,100.0%,100.0%,100.0%
443,Valentino Garavani X Birkenstock,$239.74,1,0.0%,0.0%,100.0%,100.0%,100.0%,100.0%,100.0%
444,Gianni Valentino,$24.74,1,0.0%,0.0%,0.0%,0.0%,100.0%,100.0%,100.0%
445,Comme des Garçons SHIRT,$310.74,1,0.0%,0.0%,0.0%,0.0%,0.0%,0.0%,0.0%
446,Sanctuary,$20.74,1,0.0%,0.0%,0.0%,100.0%,100.0%,100.0%,100.0%
447,Devon Windsor,$33.74,1,0.0%,0.0%,0.0%,0.0%,0.0%,0.0%,0.0%
448,Forgotten Grace,$19.74,1,0.0%,0.0%,0.0%,0.0%,0.0%,0.0%,0.0%
449,D&G Pashmina,$45.74,1,0.0%,0.0%,0.0%,100.0%,100.0%,100.0%,100.0%
450,OPT,$46.74,1,0.0%,100.0%,100.0%,100.0%,100.0%,100.0%,100.0%
451,B-Low The Belt,$36.74,1,100.0%,100.0%,100.0%,100.0%,100.0%,100.0%,100.0%
452,Acsense,$22.74,1,0.0%,0.0%,0.0%,0.0%,0.0%,0.0%,0.0%
453,Jimmy Choo x Timberland,"$1,284.74",1,0.0%,0.0%,0.0%,100.0%,100.0%,100.0%,100.0%
454,Donald J Pliner,$49.74,1,100.0%,100.0%,100.0%,100.0%,100.0%,100.0%,100.0%
455,Hutch,$79.74,1,0.0%,0.0%,100.0%,100.0%,100.0%,100.0%,100.0%
456,V.Fraas,$7.74,1,0.0%,0.0%,0.0%,100.0%,100.0%,100.0%,100.0%
457,Stuart Weitzman,$68.74,1,0.0%,0.0%,0.0%,100.0%,100.0%,100.0%,100.0%
458,Fender,$13.74,1,100.0%,100.0%,100.0%,100.0%,100.0%,100.0%,100.0%
459,Daisy Rose,$22.74,1,100.0%,100.0%,100.0%,100.0%,100.0%,100.0%,100.0%
460,Athlefit,$11.74,1,0.0%,0.0%,0.0%,0.0%,0.0%,0.0%,0.0%
461,H20Fagerholt,$64.74,1,0.0%,0.0%,0.0%,0.0%,0.0%,0.0%,0.0%
462,Danskin,$7.74,1,100.0%,100.0%,100.0%,100.0%,100.0%,100.0%,100.0%
463,Nike x Serena Williams,$86.74,1,0.0%,0.0%,0.0%,100.0%,100.0%,100.0%,100.0%
464,Apollo,$14.74,1,100.0%,100.0%,100.0%,100.0%,100.0%,100.0%,100.0%
465,FP Movement,$17.74,1,100.0%,100.0%,100.0%,100.0%,100.0%,100.0%,100.0%
466,Ralph Lauren,$17.74,1,100.0%,100.0%,100.0%,100.0%,100.0%,100.0%,100.0%
467,Maison de Papillon,$40.74,1,0.0%,0.0%,0.0%,100.0%,100.0%,100.0%,100.0%
468,Joseph Ribkoff,$65.74,1,100.0%,100.0%,100.0%,100.0%,100.0%,100.0%,100.0%
469,Tahari,$27.74,1,0.0%,0.0%,0.0%,100.0%,100.0%,100.0%,100.0%
470,Tribal,$14.74,1,0.0%,0.0%,0.0%,0.0%,0.0%,0.0%,0.0%
471,Jimmy Choo X Hunter,$132.74,1,0.0%,100.0%,100.0%,100.0%,100.0%,100.0%,100.0%
472,Essentials by Milano,$11.74,1,0.0%,0.0%,0.0%,100.0%,100.0%,100.0%,100.0%
473,g.p.d.,$8.74,1,100.0%,100.0%,100.0%,100.0%,100.0%,100.0%,100.0%
474,Travis Scott Astroworld,$84.74,1,0.0%,0.0%,0.0%,100.0%,100.0%,100.0%,100.0%
475,Avanti,$69.74,1,0.0%,100.0%,100.0%,100.0%,100.0%,100.0%,100.0%
476,OFFLINE by Aerie,$10.74,1,0.0%,0.0%,0.0%,0.0%,0.0%,0.0%,0.0%
477,Stussy x MadeMe,$51.74,1,0.0%,0.0%,0.0%,0.0%,0.0%,0.0%,0.0%
478,Crocs,$23.74,1,100.0%,100.0%,100.0%,100.0%,100.0%,100.0%,100.0%
479,STAUD,$74.74,1,0.0%,0.0%,0.0%,100.0%,100.0%,100.0%,100.0%
480,Tazio,$30.74,1,0.0%,0.0%,0.0%,0.0%,0.0%,0.0%,0.0%
481,Valentino Di Paolo,$51.74,1,100.0%,100.0%,100.0%,100.0%,100.0%,100.0%,100.0%
482,Chloe K,$10.74,1,0.0%,0.0%,0.0%,100.0%,100.0%,100.0%,100.0%
483,Sorel,$56.74,1,100.0%,100.0%,100.0%,100.0%,100.0%,100.0%,100.0%
484,Well Worn,$10.74,1,0.0%,0.0%,100.0%,100.0%,100.0%,100.0%,100.0%
485,Valentino Rossa,$72.74,1,0.0%,0.0%,0.0%,100.0%,100.0%,100.0%,100.0%
486,Baleaf Sports,$13.74,1,0.0%,0.0%,0.0%,0.0%,0.0%,0.0%,0.0%
487,Gymboree,$5.74,1,0.0%,0.0%,100.0%,100.0%,100.0%,100.0%,100.0%
488,t.la,$322.74,1,0.0%,0.0%,0.0%,100.0%,100.0%,100.0%,100.0%
489,Supreme X Champion,$140.74,1,0.0%,0.0%,100.0%,100.0%,100.0%,100.0%,100.0%
490,Totes,$12.74,1,0.0%,0.0%,100.0%,100.0%,100.0%,100.0%,100.0%
491,Mono b,$21.74,1,0.0%,0.0%,0.0%,0.0%,100.0%,100.0%,100.0%
492,K-Way,$21.74,1,0.0%,0.0%,100.0%,100.0%,100.0%,100.0%,100.0%
493,Louie et Lucie,$37.74,1,0.0%,0.0%,0.0%,0.0%,0.0%,0.0%,0.0%
494,One By Chapter One,$17.74,1,0.0%,0.0%,0.0%,0.0%,0.0%,0.0%,0.0%
495,Vineyard Vines Performance,$22.74,1,0.0%,0.0%,0.0%,0.0%,0.0%,0.0%,0.0%
496,New Balance,$37.74,1,0.0%,0.0%,0.0%,0.0%,100.0%,100.0%,100.0%
497,Bazar Christian Lacroix,$84.74,1,0.0%,100.0%,100.0%,100.0%,100.0%,100.0%,100.0%
498,Calvin Klein,$20.74,1,0.0%,0.0%,100.0%,100.0%,100.0%,100.0%,100.0%
499,Nike x Comme des Garçons x Supreme,$163.74,1,100.0%,100.0%,100.0%,100.0%,100.0%,100.0%,100.0%
500,Saks Fifth Avenue,$64.74,1,0.0%,0.0%,0.0%,0.0%,0.0%,0.0%,100.0%
